Campaign Name,Keyword,Match Type
[Vijvercentrum] 02 - Brand Search,intratuin,Phrase
[Vijvercentrum] 02 - Brand Search,hornbach,Phrase
[Vijvercentrum] 02 - Brand Search,gamma,Phrase
[Vijvercentrum] 02 - Brand Search,praxis,Phrase
[Vijvercentrum] 02 - Brand Search,koiplanet,Phrase
[Vijvercentrum] 02 - Brand Search,aquarium,Phrase
[Vijvercentrum] 02 - Brand Search,aquarium voer,Phrase
[Vijvercentrum] 02 - Brand Search,aquarium inrichting,Phrase
[Vijvercentrum] 02 - Brand Search,aquarium filter,Phrase
[Vijvercentrum] 02 - Brand Search,aquarium plant,Phrase
[Vijvercentrum] 02 - Brand Search,zwembad,Phrase
[Vijvercentrum] 02 - Brand Search,zwembad filter,Phrase
[Vijvercentrum] 02 - Brand Search,zwembad pomp,Phrase
[Vijvercentrum] 02 - Brand Search,zwembad plant,Phrase
[Vijvercentrum] 02 - Brand Search,zwemvijver,Phrase
[Vijvercentrum] 02 - Brand Search,zwemvijver aanleggen,Phrase
[Vijvercentrum] 02 - Brand Search,natuurvijver,Phrase
[Vijvercentrum] 02 - Brand Search,diy vijver,Phrase
[Vijvercentrum] 02 - Brand Search,zelf vijver bouwen,Phrase
[Vijvercentrum] 02 - Brand Search,vacature,Phrase
[Vijvercentrum] 02 - Brand Search,baan,Phrase
[Vijvercentrum] 02 - Brand Search,werk bij,Phrase
[Vijvercentrum] 02 - Brand Search,vacature vijver,Phrase
[Vijvercentrum] 02 - Brand Search,baan vijver,Phrase
[Vijvercentrum] 02 - Brand Search,vacature indenturing,Phrase
[Vijvercentrum] 02 - Brand Search,tweedehands,Phrase
[Vijvercentrum] 02 - Brand Search,gratis,Phrase
[Vijvercentrum] 02 - Brand Search,kost niks,Phrase
[Vijvercentrum] 03 - Non-Brand Producten,intratuin,Phrase
[Vijvercentrum] 03 - Non-Brand Producten,hornbach,Phrase
[Vijvercentrum] 03 - Non-Brand Producten,gamma,Phrase
[Vijvercentrum] 03 - Non-Brand Producten,praxis,Phrase
[Vijvercentrum] 03 - Non-Brand Producten,koiplanet,Phrase
[Vijvercentrum] 03 - Non-Brand Producten,aquarium,Phrase
[Vijvercentrum] 03 - Non-Brand Producten,aquarium voer,Phrase
[Vijvercentrum] 03 - Non-Brand Producten,aquarium inrichting,Phrase
[Vijvercentrum] 03 - Non-Brand Producten,aquarium filter,Phrase
[Vijvercentrum] 03 - Non-Brand Producten,aquarium plant,Phrase
[Vijvercentrum] 03 - Non-Brand Producten,zwembad,Phrase
[Vijvercentrum] 03 - Non-Brand Producten,zwembad filter,Phrase
[Vijvercentrum] 03 - Non-Brand Producten,zwembad pomp,Phrase
[Vijvercentrum] 03 - Non-Brand Producten,zwembad plant,Phrase
[Vijvercentrum] 03 - Non-Brand Producten,zwemvijver,Phrase
[Vijvercentrum] 03 - Non-Brand Producten,zwemvijver aanleggen,Phrase
[Vijvercentrum] 03 - Non-Brand Producten,natuurvijver,Phrase
[Vijvercentrum] 03 - Non-Brand Producten,diy vijver,Phrase
[Vijvercentrum] 03 - Non-Brand Producten,zelf vijver bouwen,Phrase
[Vijvercentrum] 03 - Non-Brand Producten,vacature,Phrase
[Vijvercentrum] 03 - Non-Brand Producten,baan,Phrase
[Vijvercentrum] 03 - Non-Brand Producten,werk bij,Phrase
[Vijvercentrum] 03 - Non-Brand Producten,vacature vijver,Phrase
[Vijvercentrum] 03 - Non-Brand Producten,baan vijver,Phrase
[Vijvercentrum] 03 - Non-Brand Producten,vacature indenturing,Phrase
[Vijvercentrum] 03 - Non-Brand Producten,tweedehands,Phrase
[Vijvercentrum] 03 - Non-Brand Producten,gratis,Phrase
[Vijvercentrum] 03 - Non-Brand Producten,kost niks,Phrase
[Vijvercentrum] 04 - Seizoen Marieke,intratuin,Phrase
[Vijvercentrum] 04 - Seizoen Marieke,hornbach,Phrase
[Vijvercentrum] 04 - Seizoen Marieke,gamma,Phrase
[Vijvercentrum] 04 - Seizoen Marieke,praxis,Phrase
[Vijvercentrum] 04 - Seizoen Marieke,koiplanet,Phrase
[Vijvercentrum] 04 - Seizoen Marieke,aquarium,Phrase
[Vijvercentrum] 04 - Seizoen Marieke,aquarium voer,Phrase
[Vijvercentrum] 04 - Seizoen Marieke,aquarium inrichting,Phrase
[Vijvercentrum] 04 - Seizoen Marieke,aquarium filter,Phrase
[Vijvercentrum] 04 - Seizoen Marieke,aquarium plant,Phrase
[Vijvercentrum] 04 - Seizoen Marieke,zwembad,Phrase
[Vijvercentrum] 04 - Seizoen Marieke,zwembad filter,Phrase
[Vijvercentrum] 04 - Seizoen Marieke,zwembad pomp,Phrase
[Vijvercentrum] 04 - Seizoen Marieke,zwembad plant,Phrase
[Vijvercentrum] 04 - Seizoen Marieke,zwemvijver,Phrase
[Vijvercentrum] 04 - Seizoen Marieke,zwemvijver aanleggen,Phrase
[Vijvercentrum] 04 - Seizoen Marieke,natuurvijver,Phrase
[Vijvercentrum] 04 - Seizoen Marieke,diy vijver,Phrase
[Vijvercentrum] 04 - Seizoen Marieke,zelf vijver bouwen,Phrase
[Vijvercentrum] 04 - Seizoen Marieke,vacature,Phrase
[Vijvercentrum] 04 - Seizoen Marieke,baan,Phrase
[Vijvercentrum] 04 - Seizoen Marieke,werk bij,Phrase
[Vijvercentrum] 04 - Seizoen Marieke,vacature vijver,Phrase
[Vijvercentrum] 04 - Seizoen Marieke,baan vijver,Phrase
[Vijvercentrum] 04 - Seizoen Marieke,vacature indenturing,Phrase
[Vijvercentrum] 04 - Seizoen Marieke,tweedehands,Phrase
[Vijvercentrum] 04 - Seizoen Marieke,gratis,Phrase
[Vijvercentrum] 04 - Seizoen Marieke,kost niks,Phrase
[Vijvercentrum] 01 - A2KOI Migratie,zwembad pomp,Phrase
[Vijvercentrum] 01 - A2KOI Migratie,zelf vijver bouwen,Phrase
[Vijvercentrum] 01 - A2KOI Migratie,aquarium filter,Phrase
[Vijvercentrum] 01 - A2KOI Migratie,zwembad plant,Phrase
[Vijvercentrum] 01 - A2KOI Migratie,praxis,Phrase
[Vijvercentrum] 01 - A2KOI Migratie,zwemvijver aanleggen,Phrase
[Vijvercentrum] 01 - A2KOI Migratie,gratis,Phrase
[Vijvercentrum] 01 - A2KOI Migratie,hornbach,Phrase
[Vijvercentrum] 01 - A2KOI Migratie,baan vijver,Phrase
[Vijvercentrum] 01 - A2KOI Migratie,kost niks,Phrase
[Vijvercentrum] 01 - A2KOI Migratie,intratuin,Phrase
[Vijvercentrum] 01 - A2KOI Migratie,koiplanet,Phrase
[Vijvercentrum] 01 - A2KOI Migratie,baan,Phrase
[Vijvercentrum] 01 - A2KOI Migratie,vacature indenturing,Phrase
[Vijvercentrum] 01 - A2KOI Migratie,vacature vijver,Phrase
[Vijvercentrum] 01 - A2KOI Migratie,aquarium inrichting,Phrase
[Vijvercentrum] 01 - A2KOI Migratie,zwembad filter,Phrase
[Vijvercentrum] 01 - A2KOI Migratie,aquarium plant,Phrase
[Vijvercentrum] 01 - A2KOI Migratie,natuurvijver,Phrase
[Vijvercentrum] 01 - A2KOI Migratie,zwembad,Phrase
[Vijvercentrum] 01 - A2KOI Migratie,diy vijver,Phrase
[Vijvercentrum] 01 - A2KOI Migratie,werk bij,Phrase
[Vijvercentrum] 01 - A2KOI Migratie,tweedehands,Phrase
[Vijvercentrum] 01 - A2KOI Migratie,gamma,Phrase
[Vijvercentrum] 01 - A2KOI Migratie,aquarium voer,Phrase
[Vijvercentrum] 01 - A2KOI Migratie,zwemvijver,Phrase
[Vijvercentrum] 01 - A2KOI Migratie,aquarium,Phrase
[Vijvercentrum] 01 - A2KOI Migratie,vacature,Phrase
